Model,Mean Training MSE,Mean Validation MSE,Training Set MSE,Test Set MSE,Train Set R2,Test Set R2
Linear Regression,3.885752083171064e-05,0.00031080488780802927,4.236429091498138e-05,0.00016958050356706103,0.9806969166025276,0.9070971386033138
PCA-Transformed Linear Regression,0.001176567757111536,0.0015764749570204896,0.0011898183602934945,0.0010358339598582117,-0.136150809511298,-0.33548127173069675
Lasso Regression,0.00020432014086356446,0.000344708557744853,5.449200619558729e-05,0.00017978678349545404,0.9750120557063218,0.8970374930163183
Ridge Regression,3.966129060365937e-05,0.0003124131565959637,4.2375933424395395e-05,0.00016990012975298674,0.9806906946978055,0.906898927400974
